QuizName,QuizClass,FirstName,LastName,StudentID,CustomID,Earned Points,Possible Points,PercentCorrect,QuizCreated,DataExported,Key Version,Stu1,PriKey1,Points1,Mark1,Stu2,PriKey2,Points2,Mark2,Stu3,PriKey3,Points3,Mark3,Stu4,PriKey4,Points4,Mark4,Stu5,PriKey5,Points5,Mark5,Stu6,PriKey6,Points6,Mark6,Stu7,PriKey7,Points7,Mark7,Stu8,PriKey8,Points8,Mark8,Stu9,PriKey9,Points9,Mark9,Stu10,PriKey10,Points10,Mark10,Stu11,PriKey11,Points11,Mark11,Stu12,PriKey12,Points12,Mark12,Stu13,PriKey13,Points13,Mark13,Stu14,PriKey14,Points14,Mark14,Stu15,PriKey15,Points15,Mark15,Stu16,PriKey16,Points16,Mark16,Stu17,PriKey17,Points17,Mark17,Stu18,PriKey18,Points18,Mark18,Stu19,PriKey19,Points19,Mark19,Stu20,PriKey20,Points20,Mark20,Stu21,PriKey21,Points21,Mark21,Stu22,PriKey22,Points22,Mark22,Stu23,PriKey23,Points23,Mark23,Stu24,PriKey24,Points24,Mark24,Stu25,PriKey25,Points25,Mark25,Stu26,PriKey26,Points26,Mark26,Stu27,PriKey27,Points27,Mark27,Stu28,PriKey28,Points28,Mark28,Stu29,PriKey29,Points29,Mark29,Stu30,PriKey30,Points30,Mark30,Stu31,PriKey31,Points31,Mark31,Stu32,PriKey32,Points32,Mark32,Stu33,PriKey33,Points33,Mark33,Stu34,PriKey34,Points34,Mark34,Stu35,PriKey35,Points35,Mark35,Stu36,PriKey36,Points36,Mark36,Stu37,PriKey37,Points37,Mark37,Stu38,PriKey38,Points38,Mark38,Stu39,PriKey39,Points39,Mark39,Stu40,PriKey40,Points40,Mark40,Stu41,PriKey41,Points41,Mark41,Stu42,PriKey42,Points42,Mark42,Stu43,PriKey43,Points43,Mark43,Stu44,PriKey44,Points44,Mark44,Stu45,PriKey45,Points45,Mark45
"Level 0 5065 CHS Kottur","",,,5065001,,40.0,180.0,22.22,2018-09-23 00:00:00,2019-06-09 18:48:51,1,"D","B",0.0,X,"D","C",0.0,X,"B","B",4.0,C,"","D",0.0,X,"A","C",0.0,X,"C","B",0.0,X,"D","C",0.0,X,"A","C",0.0,X,"B","B",4.0,C,"C","A",0.0,X,"","C",0.0,X,"","B",0.0,X,"D","A",0.0,X,"D","A",0.0,X,"A","D",0.0,X,"C","B",0.0,X,"","A",0.0,X,"D","B",0.0,X,"C","C",4.0,C,"C","B",0.0,X,"","D",0.0,X,"","C",0.0,X,"D","D",4.0,C,"A","A",4.0,C,"A","D",0.0,X,"","C",0.0,X,"","B",0.0,X,"D","C",0.0,X,"B","C",0.0,X,"C","C",4.0,C,"D","D",4.0,C,"D","B",0.0,X,"D","D",4.0,C,"","B",0.0,X,"","D",0.0,X,"B","A",0.0,X,"B","D",0.0,X,"B","A",0.0,X,"D","D",4.0,C,"B","C",0.0,X,"C","C",4.0,C,"C","D",0.0,X,"C","D",0.0,X,"","A",0.0,X,"","B",0.0,X
"Level 0 5065 CHS Kottur","",,,5065002,,36.0,180.0,20.0,2018-09-23 00:00:00,2019-06-09 18:48:51,1,"A","B",0.0,X,"B","C",0.0,X,"","B",0.0,X,"D","D",4.0,C,"A","C",0.0,X,"C","B",0.0,X,"B","C",0.0,X,"A","C",0.0,X,"C","B",0.0,X,"B","A",0.0,X,"B","C",0.0,X,"A","B",0.0,X,"C","A",0.0,X,"A","A",4.0,C,"C","D",0.0,X,"B","B",4.0,C,"B","A",0.0,X,"A","B",0.0,X,"B","C",0.0,X,"D","B",0.0,X,"C","D",0.0,X,"B","C",0.0,X,"C","D",0.0,X,"B","A",0.0,X,"D","D",4.0,C,"B","C",0.0,X,"C","B",0.0,X,"C","C",4.0,C,"D","C",0.0,X,"B","C",0.0,X,"B","D",0.0,X,"C","B",0.0,X,"D","D",4.0,C,"B","B",4.0,C,"D","D",4.0,C,"C","A",0.0,X,"C","D",0.0,X,"B","A",0.0,X,"C","D",0.0,X,"A","C",0.0,X,"","C",0.0,X,"C","D",0.0,X,"C","D",0.0,X,"B","A",0.0,X,"B","B",4.0,C
"Level 0 5065 CHS Kottur","",,,5065003,,52.0,180.0,28.89,2018-09-23 00:00:00,2019-06-09 18:48:51,1,"B","B",4.0,C,"B","C",0.0,X,"B","B",4.0,C,"A","D",0.0,X,"A","C",0.0,X,"C","B",0.0,X,"C","C",4.0,C,"B","C",0.0,X,"B","B",4.0,C,"B","A",0.0,X,"B","C",0.0,X,"A","B",0.0,X,"A","A",4.0,C,"A","A",4.0,C,"C","D",0.0,X,"C","B",0.0,X,"B","A",0.0,X,"A","B",0.0,X,"A","C",0.0,X,"B","B",4.0,C,"B","D",0.0,X,"D","C",0.0,X,"C","D",0.0,X,"B","A",0.0,X,"B","D",0.0,X,"A","C",0.0,X,"D","B",0.0,X,"B","C",0.0,X,"B","C",0.0,X,"C","C",4.0,C,"B","D",0.0,X,"D","B",0.0,X,"D","D",4.0,C,"B","B",4.0,C,"B","D",0.0,X,"B","A",0.0,X,"D","D",4.0,C,"D","A",0.0,X,"D","D",4.0,C,"D","C",0.0,X,"A","C",0.0,X,"C","D",0.0,X,"C","D",0.0,X,"C","A",0.0,X,"B","B",4.0,C
"Level 0 5065 CHS Kottur","",,,5065004,,56.0,180.0,31.11,2018-09-23 00:00:00,2019-06-09 18:48:51,1,"A","B",0.0,X,"C","C",4.0,C,"","B",0.0,X,"C","D",0.0,X,"D","C",0.0,X,"C","B",0.0,X,"A","C",0.0,X,"","C",0.0,X,"A","B",0.0,X,"B","A",0.0,X,"B","C",0.0,X,"B","B",4.0,C,"B","A",0.0,X,"A","A",4.0,C,"A","D",0.0,X,"C","B",0.0,X,"C","A",0.0,X,"A","B",0.0,X,"D","C",0.0,X,"D","B",0.0,X,"D","D",4.0,C,"B","C",0.0,X,"D","D",4.0,C,"A","A",4.0,C,"D","D",4.0,C,"B","C",0.0,X,"A","B",0.0,X,"C","C",4.0,C,"B","C",0.0,X,"A","C",0.0,X,"B","D",0.0,X,"B","B",4.0,C,"D","D",4.0,C,"B","B",4.0,C,"B","D",0.0,X,"A","A",4.0,C,"B","D",0.0,X,"C","A",0.0,X,"B","D",0.0,X,"C","C",4.0,C,"C","C",4.0,C,"B","D",0.0,X,"C","D",0.0,X,"B","A",0.0,X,"A","B",0.0,X
"Level 0 5065 CHS Kottur","",,,5065006,,80.0,180.0,44.44,2018-09-23 00:00:00,2019-06-09 18:48:51,1,"B","B",4.0,C,"C","C",4.0,C,"B","B",4.0,C,"C","D",0.0,X,"C","C",4.0,C,"B","B",4.0,C,"B","C",0.0,X,"B","C",0.0,X,"C","B",0.0,X,"A","A",4.0,C,"C","C",4.0,C,"B","B",4.0,C,"D","A",0.0,X,"A","A",4.0,C,"B","D",0.0,X,"A","B",0.0,X,"D","A",0.0,X,"B","B",4.0,C,"A","C",0.0,X,"B","B",4.0,C,"D","D",4.0,C,"A","C",0.0,X,"D","D",4.0,C,"B","A",0.0,X,"A","D",0.0,X,"A","C",0.0,X,"A","B",0.0,X,"B","C",0.0,X,"C","C",4.0,C,"B","C",0.0,X,"C","D",0.0,X,"B","B",4.0,C,"A","D",0.0,X,"B","B",4.0,C,"C","D",0.0,X,"B","A",0.0,X,"D","D",4.0,C,"C","A",0.0,X,"B","D",0.0,X,"C","C",4.0,C,"B","C",0.0,X,"D","D",4.0,C,"B","D",0.0,X,"A","A",4.0,C,"D","B",0.0,X
"Level 0 5065 CHS Kottur","",,,5065007,,52.0,180.0,28.89,2018-09-23 00:00:00,2019-06-09 18:48:51,1,"B","B",4.0,C,"B","C",0.0,X,"C","B",0.0,X,"C","D",0.0,X,"A","C",0.0,X,"B","B",4.0,C,"D","C",0.0,X,"A","C",0.0,X,"B","B",4.0,C,"A","A",4.0,C,"C","C",4.0,C,"A","B",0.0,X,"B","A",0.0,X,"C","A",0.0,X,"A","D",0.0,X,"C","B",0.0,X,"B","A",0.0,X,"C","B",0.0,X,"C","C",4.0,C,"A","B",0.0,X,"B","D",0.0,X,"A","C",0.0,X,"B","D",0.0,X,"A","A",4.0,C,"D","D",4.0,C,"C","C",4.0,C,"D","B",0.0,X,"B","C",0.0,X,"B","C",0.0,X,"C","C",4.0,C,"C","D",0.0,X,"D","B",0.0,X,"D","D",4.0,C,"B","B",4.0,C,"C","D",0.0,X,"C","A",0.0,X,"A","D",0.0,X,"B","A",0.0,X,"A","D",0.0,X,"A","C",0.0,X,"C","C",4.0,C,"A","D",0.0,X,"C","D",0.0,X,"B","A",0.0,X,"D","B",0.0,X
"Level 0 5065 CHS Kottur","",,,5065008,,44.0,180.0,24.44,2018-09-23 00:00:00,2019-06-09 18:48:51,1,"B","B",4.0,C,"D","C",0.0,X,"B","B",4.0,C,"A","D",0.0,X,"A","C",0.0,X,"B","B",4.0,C,"C","C",4.0,C,"B","C",0.0,X,"B","B",4.0,C,"A","A",4.0,C,"B","C",0.0,X,"A","B",0.0,X,"AC","A",0.0,X,"C","A",0.0,X,"A","D",0.0,X,"C","B",0.0,X,"B","A",0.0,X,"B","B",4.0,C,"A","C",0.0,X,"C","B",0.0,X,"A","D",0.0,X,"B","C",0.0,X,"A","D",0.0,X,"D","A",0.0,X,"A","D",0.0,X,"A","C",0.0,X,"A","B",0.0,X,"B","C",0.0,X,"C","C",4.0,C,"A","C",0.0,X,"B","D",0.0,X,"B","B",4.0,C,"B","D",0.0,X,"B","B",4.0,C,"A","D",0.0,X,"C","A",0.0,X,"C","D",0.0,X,"C","A",0.0,X,"B","D",0.0,X,"B","C",0.0,X,"A","C",0.0,X,"A","D",0.0,X,"D","D",4.0,C,"D","A",0.0,X,"D","B",0.0,X
"Level 0 5065 CHS Kottur","",,,5065009,,40.0,180.0,22.22,2018-09-23 00:00:00,2019-06-09 18:48:51,1,"A","B",0.0,X,"D","C",0.0,X,"C","B",0.0,X,"B","D",0.0,X,"AC","C",0.0,X,"C","B",0.0,X,"A","C",0.0,X,"A","C",0.0,X,"A","B",0.0,X,"B","A",0.0,X,"A","C",0.0,X,"B","B",4.0,C,"A","A",4.0,C,"A","A",4.0,C,"A","D",0.0,X,"C","B",0.0,X,"C","A",0.0,X,"A","B",0.0,X,"A","C",0.0,X,"C","B",0.0,X,"A","D",0.0,X,"D","C",0.0,X,"A","D",0.0,X,"A","A",4.0,C,"B","D",0.0,X,"A","C",0.0,X,"B","B",4.0,C,"B","C",0.0,X,"B","C",0.0,X,"C","C",4.0,C,"D","D",4.0,C,"D","B",0.0,X,"A","D",0.0,X,"B","B",4.0,C,"C","D",0.0,X,"D","A",0.0,X,"C","D",0.0,X,"C","A",0.0,X,"B","D",0.0,X,"C","C",4.0,C,"B","C",0.0,X,"B","D",0.0,X,"A","D",0.0,X,"C","A",0.0,X,"B","B",4.0,C
"Level 0 5065 CHS Kottur","",,,5065010,,40.0,180.0,22.22,2018-09-23 00:00:00,2019-06-09 18:48:51,1,"B","B",4.0,C,"B","C",0.0,X,"B","B",4.0,C,"A","D",0.0,X,"A","C",0.0,X,"C","B",0.0,X,"B","C",0.0,X,"A","C",0.0,X,"B","B",4.0,C,"B","A",0.0,X,"B","C",0.0,X,"A","B",0.0,X,"C","A",0.0,X,"A","A",4.0,C,"A","D",0.0,X,"C","B",0.0,X,"C","A",0.0,X,"A","B",0.0,X,"B","C",0.0,X,"A","B",0.0,X,"A","D",0.0,X,"","C",0.0,X,"A","D",0.0,X,"C","A",0.0,X,"D","D",4.0,C,"A","C",0.0,X,"B","B",4.0,C,"B","C",0.0,X,"B","C",0.0,X,"A","C",0.0,X,"D","D",4.0,C,"D","B",0.0,X,"D","D",4.0,C,"B","B",4.0,C,"C","D",0.0,X,"D","A",0.0,X,"AC","D",0.0,X,"D","A",0.0,X,"C","D",0.0,X,"A","C",0.0,X,"C","C",4.0,C,"C","D",0.0,X,"C","D",0.0,X,"D","A",0.0,X,"A","B",0.0,X
"Level 0 5065 CHS Kottur","",,,5065011,,64.0,180.0,35.56,2018-09-23 00:00:00,2019-06-09 18:48:51,1,"B","B",4.0,C,"D","C",0.0,X,"A","B",0.0,X,"D","D",4.0,C,"A","C",0.0,X,"B","B",4.0,C,"D","C",0.0,X,"A","C",0.0,X,"B","B",4.0,C,"B","A",0.0,X,"B","C",0.0,X,"B","B",4.0,C,"B","A",0.0,X,"B","A",0.0,X,"A","D",0.0,X,"BC","B",0.0,X,"B","A",0.0,X,"B","B",4.0,C,"C","C",4.0,C,"B","B",4.0,C,"B","D",0.0,X,"","C",0.0,X,"B","D",0.0,X,"B","A",0.0,X,"A","D",0.0,X,"A","C",0.0,X,"C","B",0.0,X,"B","C",0.0,X,"B","C",0.0,X,"C","C",4.0,C,"D","D",4.0,C,"B","B",4.0,C,"D","D",4.0,C,"B","B",4.0,C,"B","D",0.0,X,"D","A",0.0,X,"C","D",0.0,X,"C","A",0.0,X,"D","D",4.0,C,"C","C",4.0,C,"B","C",0.0,X,"C","D",0.0,X,"C","D",0.0,X,"B","A",0.0,X,"B","B",4.0,C
"Level 0 5065 CHS Kottur","",,,5065012,,32.0,180.0,17.78,2018-09-23 00:00:00,2019-06-09 18:48:51,1,"B","B",4.0,C,"B","C",0.0,X,"B","B",4.0,C,"A","D",0.0,X,"A","C",0.0,X,"C","B",0.0,X,"D","C",0.0,X,"C","C",4.0,C,"D","B",0.0,X,"B","A",0.0,X,"A","C",0.0,X,"A","B",0.0,X,"A","A",4.0,C,"D","A",0.0,X,"A","D",0.0,X,"A","B",0.0,X,"B","A",0.0,X,"A","B",0.0,X,"B","C",0.0,X,"B","B",4.0,C,"A","D",0.0,X,"B","C",0.0,X,"B","D",0.0,X,"C","A",0.0,X,"C","D",0.0,X,"C","C",4.0,C,"C","B",0.0,X,"B","C",0.0,X,"B","C",0.0,X,"D","C",0.0,X,"C","D",0.0,X,"B","B",4.0,C,"A","D",0.0,X,"A","B",0.0,X,"C","D",0.0,X,"D","A",0.0,X,"B","D",0.0,X,"C","A",0.0,X,"B","D",0.0,X,"C","C",4.0,C,"B","C",0.0,X,"C","D",0.0,X,"C","D",0.0,X,"B","A",0.0,X,"D","B",0.0,X
"Level 0 5065 CHS Kottur","",,,5065013,,44.0,180.0,24.44,2018-09-23 00:00:00,2019-06-09 18:48:51,1,"C","B",0.0,X,"D","C",0.0,X,"AD","B",0.0,X,"B","D",0.0,X,"C","C",4.0,C,"B","B",4.0,C,"AB","C",0.0,X,"A","C",0.0,X,"B","B",4.0,C,"B","A",0.0,X,"C","C",4.0,C,"C","B",0.0,X,"D","A",0.0,X,"A","A",4.0,C,"A","D",0.0,X,"D","B",0.0,X,"CD","A",0.0,X,"D","B",0.0,X,"B","C",0.0,X,"AC","B",0.0,X,"B","D",0.0,X,"C","C",4.0,C,"","D",0.0,X,"AD","A",0.0,X,"A","D",0.0,X,"B","C",0.0,X,"D","B",0.0,X,"B","C",0.0,X,"D","C",0.0,X,"A","C",0.0,X,"C","D",0.0,X,"B","B",4.0,C,"C","D",0.0,X,"B","B",4.0,C,"B","D",0.0,X,"A","A",4.0,C,"C","D",0.0,X,"B","A",0.0,X,"C","D",0.0,X,"C","C",4.0,C,"B","C",0.0,X,"A","D",0.0,X,"C","D",0.0,X,"A","A",4.0,C,"A","B",0.0,X
"Level 0 5065 CHS Kottur","",,,5065014,,44.0,180.0,24.44,2018-09-23 00:00:00,2019-06-09 18:48:51,1,"B","B",4.0,C,"C","C",4.0,C,"C","B",0.0,X,"C","D",0.0,X,"D","C",0.0,X,"C","B",0.0,X,"AB","C",0.0,X,"B","C",0.0,X,"B","B",4.0,C,"B","A",0.0,X,"B","C",0.0,X,"AC","B",0.0,X,"A","A",4.0,C,"A","A",4.0,C,"A","D",0.0,X,"D","B",0.0,X,"B","A",0.0,X,"B","B",4.0,C,"A","C",0.0,X,"D","B",0.0,X,"C","D",0.0,X,"","C",0.0,X,"D","D",4.0,C,"D","A",0.0,X,"A","D",0.0,X,"A","C",0.0,X,"C","B",0.0,X,"B","C",0.0,X,"B","C",0.0,X,"D","C",0.0,X,"A","D",0.0,X,"B","B",4.0,C,"D","D",4.0,C,"D","B",0.0,X,"B","D",0.0,X,"C","A",0.0,X,"C","D",0.0,X,"D","A",0.0,X,"C","D",0.0,X,"C","C",4.0,C,"C","C",4.0,C,"C","D",0.0,X,"C","D",0.0,X,"D","A",0.0,X,"A","B",0.0,X
"Level 0 5065 CHS Kottur","",,,5065015,,28.0,180.0,15.56,2018-09-23 00:00:00,2019-06-09 18:48:51,1,"C","B",0.0,X,"D","C",0.0,X,"B","B",4.0,C,"C","D",0.0,X,"D","C",0.0,X,"C","B",0.0,X,"D","C",0.0,X,"A","C",0.0,X,"B","B",4.0,C,"B","A",0.0,X,"A","C",0.0,X,"A","B",0.0,X,"B","A",0.0,X,"B","A",0.0,X,"A","D",0.0,X,"D","B",0.0,X,"B","A",0.0,X,"A","B",0.0,X,"C","C",4.0,C,"A","B",0.0,X,"B","D",0.0,X,"A","C",0.0,X,"B","D",0.0,X,"D","A",0.0,X,"B","D",0.0,X,"D","C",0.0,X,"A","B",0.0,X,"C","C",4.0,C,"B","C",0.0,X,"B","C",0.0,X,"D","D",4.0,C,"B","B",4.0,C,"C","D",0.0,X,"C","B",0.0,X,"C","D",0.0,X,"B","A",0.0,X,"B","D",0.0,X,"C","A",0.0,X,"B","D",0.0,X,"C","C",4.0,C,"B","C",0.0,X,"B","D",0.0,X,"C","D",0.0,X,"B","A",0.0,X,"D","B",0.0,X